-- --------------------------------------------------------
-- Servidor:                     127.0.0.1
-- Versão do servidor:           10.4.32-MariaDB - mariadb.org binary distribution
-- OS do Servidor:               Win64
-- HeidiSQL Versão:              12.10.0.7000
-- --------------------------------------------------------

/*!40101 SET @OLD_CHARACTER_SET_CLIENT=@@CHARACTER_SET_CLIENT */;
/*!40101 SET NAMES utf8 */;
/*!50503 SET NAMES utf8mb4 */;
/*!40103 SET @OLD_TIME_ZONE=@@TIME_ZONE */;
/*!40103 SET TIME_ZONE='+00:00' */;
/*!40014 SET @OLD_FOREIGN_KEY_CHECKS=@@FOREIGN_KEY_CHECKS, FOREIGN_KEY_CHECKS=0 */;
/*!40101 SET @OLD_SQL_MODE=@@SQL_MODE, SQL_MODE='NO_AUTO_VALUE_ON_ZERO' */;
/*!40111 SET @OLD_SQL_NOTES=@@SQL_NOTES, SQL_NOTES=0 */;


-- Copiando estrutura do banco de dados para gestaoedu
CREATE DATABASE IF NOT EXISTS `gestaoedu` /*!40100 DEFAULT CHARACTER SET utf8mb4 COLLATE utf8mb4_general_ci */;
USE `gestaoedu`;

-- Copiando estrutura para tabela gestaoedu.calendarios
CREATE TABLE IF NOT EXISTS `calendarios` (
                                             `id` int(11) NOT NULL AUTO_INCREMENT,
    `descricao` varchar(50) DEFAULT NULL,
    `ano` int(11) DEFAULT NULL,
    `semestre` int(11) DEFAULT NULL,
    `status` int(11) DEFAULT NULL,
    `inicio` date DEFAULT NULL,
    `fim` date DEFAULT NULL,
    `createdAt` datetime NOT NULL,
    `updatedAt` datetime NOT NULL,
    PRIMARY KEY (`id`)
    ) ENGINE=InnoDB AUTO_INCREMENT=3 DEFAULT CHARSET=utf8mb4 COLLATE=utf8mb4_general_ci;

-- Copiando dados para a tabela gestaoedu.calendarios: ~2 rows (aproximadamente)
INSERT INTO `calendarios` (`id`, `descricao`, `ano`, `semestre`, `status`, `inicio`, `fim`, `createdAt`, `updatedAt`) VALUES
                                                                                                                          (1, 'Superior', 2025, 1, 1, '2025-03-17', '2025-07-25', '2025-06-02 19:50:59', '2025-06-02 19:50:59'),
                                                                                                                          (2, 'Integrado', 2025, 1, 1, '2025-03-10', '2025-07-25', '2025-06-02 20:03:57', '2025-06-02 20:03:57');

-- Copiando estrutura para tabela gestaoedu.cursos
CREATE TABLE IF NOT EXISTS `cursos` (
                                        `id` int(11) NOT NULL AUTO_INCREMENT,
    `descricao` varchar(100) NOT NULL,
    `status` int(11) NOT NULL,
    `createdAt` datetime NOT NULL,
    `updatedAt` datetime NOT NULL,
    `professor_id` int(11) DEFAULT NULL,
    PRIMARY KEY (`id`),
    KEY `professor_id` (`professor_id`),
    CONSTRAINT `cursos_ibfk_1` FOREIGN KEY (`professor_id`) REFERENCES `professores` (`id`) ON DELETE CASCADE ON UPDATE CASCADE
    ) ENGINE=InnoDB AUTO_INCREMENT=7 DEFAULT CHARSET=utf8mb4 COLLATE=utf8mb4_general_ci;

-- Copiando dados para a tabela gestaoedu.cursos: ~6 rows (aproximadamente)
INSERT INTO `cursos` (`id`, `descricao`, `status`, `createdAt`, `updatedAt`, `professor_id`) VALUES
                                                                                                 (1, 'Técnico em Desenvolvimento de Sistemas', 1, '2025-06-02 21:27:49', '2025-06-04 19:35:28', 38),
                                                                                                 (2, 'Técnico em Informática', 1, '2025-06-02 21:28:16', '2025-06-02 21:28:17', 35),
                                                                                                 (3, 'Análise e Desenvolvimento de Sistemas', 1, '2025-06-02 21:29:02', '2025-06-02 21:29:06', 7),
                                                                                                 (4, 'Técnico em Automação Industrial', 1, '2025-06-02 21:29:20', '2025-06-02 21:29:23', 30),
                                                                                                 (5, 'Técnico em Administração', 1, '2025-06-02 21:29:42', '2025-06-02 21:29:43', 22),
                                                                                                 (6, 'Bacharelado em Administração', 1, '2025-06-02 21:30:03', '2025-06-04 22:14:19', 49);

-- Copiando estrutura para tabela gestaoedu.diarios
CREATE TABLE IF NOT EXISTS `diarios` (
                                         `id` int(11) NOT NULL AUTO_INCREMENT,
    `codigo` int(11) DEFAULT NULL,
    `descricao` varchar(100) NOT NULL,
    `horario` varchar(100) DEFAULT NULL,
    `status` int(11) NOT NULL,
    `total` int(11) DEFAULT NULL,
    `ministrada` int(11) DEFAULT NULL,
    `aulas` int(11) DEFAULT NULL,
    `eixo` varchar(25) DEFAULT NULL,
    `dias` varchar(25) DEFAULT NULL,
    `createdAt` datetime NOT NULL,
    `updatedAt` datetime NOT NULL,
    `professor_id` int(11) DEFAULT NULL,
    `turma_id` int(11) DEFAULT NULL,
    PRIMARY KEY (`id`),
    KEY `professor_id` (`professor_id`),
    KEY `turma_id` (`turma_id`),
    CONSTRAINT `diarios_ibfk_1` FOREIGN KEY (`professor_id`) REFERENCES `professores` (`id`) ON DELETE CASCADE ON UPDATE CASCADE,
    CONSTRAINT `diarios_ibfk_2` FOREIGN KEY (`turma_id`) REFERENCES `turmas` (`id`) ON DELETE CASCADE ON UPDATE CASCADE
    ) ENGINE=InnoDB AUTO_INCREMENT=21 DEFAULT CHARSET=utf8mb4 COLLATE=utf8mb4_general_ci;

-- Copiando dados para a tabela gestaoedu.diarios: ~14 rows (aproximadamente)
INSERT INTO `diarios` (`id`, `codigo`, `descricao`, `horario`, `status`, `total`, `ministrada`, `aulas`, `eixo`, `dias`, `createdAt`, `updatedAt`, `professor_id`, `turma_id`) VALUES
                                                                                                                                                                                   (5, 0, 'SUP.06252 - Programação I', '', 1, 80, 0, 80, 'Superior', 'Qua-Sex', '2025-06-03 14:23:09', '2025-06-03 14:23:09', 13, 1),
                                                                                                                                                                                   (6, 0, 'SUP.06257 - Metodologia Científica', '', 1, 40, 0, 2, 'Superior', 'Seg-Qua', '2025-06-03 14:23:35', '2025-06-03 14:23:35', 15, 1),
                                                                                                                                                                                   (7, 0, 'SUP.06254 - Arquitetura de Computadores', '', 1, 80, 0, 4, 'Superior', 'Qua-Sex', '2025-06-03 14:24:34', '2025-06-03 14:24:34', 19, 1),
                                                                                                                                                                                   (8, 0, 'SUP.06271 - Atividade Curricular de Extensão II', '', 1, 80, 0, 4, 'Superior', 'Qua-Sex', '2025-06-03 14:26:27', '2025-06-03 14:26:27', 8, 2),
                                                                                                                                                                                   (9, 0, 'SUP.06269 - Banco de Dados', '.', 1, 80, 0, 4, 'Superior', 'Seg-Qua', '2025-06-03 14:27:27', '2025-06-03 14:28:48', 26, 2),
                                                                                                                                                                                   (10, 0, 'SUP.06266 - Estrutura de Dados', '', 1, 80, 0, 4, 'Superior', 'Seg-Qua', '2025-06-03 14:27:54', '2025-06-03 14:27:54', 7, 2),
                                                                                                                                                                                   (11, 0, 'SUP.06267 - Probabilidade e Estatística', '', 1, 80, 0, 4, 'Superior', 'Qua-Sex', '2025-06-03 14:28:30', '2025-06-03 14:28:30', 35, 2),
                                                                                                                                                                                   (12, 0, 'SUP.06277 - Programação Orientada a Objetos', '', 1, 80, 0, 4, 'Superior', 'Qua-Sex', '2025-06-03 14:29:10', '2025-06-03 14:29:10', 13, 2),
                                                                                                                                                                                   (13, 0, 'SUP.06268 - Programação Web II', '', 1, 80, 0, 4, 'Superior', 'Qua-Sex', '2025-06-03 14:29:46', '2025-06-03 14:29:46', 19, 2),
                                                                                                                                                                                   (14, 0, 'SUP.06276 - Aprendizado de Máquina', '', 1, 80, 0, 4, 'Superior', 'Seg-Qua', '2025-06-03 14:30:28', '2025-06-03 14:30:28', 7, 3),
                                                                                                                                                                                   (15, 0, 'SUP.06284 - Atividade Curricular de Extensão III', '', 1, 80, 0, 4, 'Superior', 'Seg-Qua', '2025-06-03 14:30:45', '2025-06-03 14:30:45', 22, 3),
                                                                                                                                                                                   (16, 0, 'SUP.06281 - Engenharia de Software I', '', 1, 80, 0, 4, 'Superior', 'Qua-Sex', '2025-06-03 14:31:29', '2025-06-03 14:31:29', 13, 3),
                                                                                                                                                                                   (17, 0, 'SUP.06283 - Inovação, Empreendedorismo e Negócios Digitais', '', 1, 80, 0, 4, 'Superior', 'Seg-Qua', '2025-06-03 14:33:00', '2025-06-03 14:33:00', 43, 3),
                                                                                                                                                                                   (18, 0, 'SUP.06278 - Microcontroladores', '', 1, 80, 0, 4, 'Superior', 'Qua-Sex', '2025-06-03 14:33:30', '2025-06-03 14:33:30', 21, 3),
                                                                                                                                                                                   (19, 0, 'SUP.06270 - Redes de Computadores', '', 1, 80, 0, 4, 'Superior', 'Qua-Sex', '2025-06-03 14:33:54', '2025-06-03 14:33:54', 19, 3),
                                                                                                                                                                                   (20, 0, 'SUP.06282 - Sistemas de Informação', '', 1, 40, 0, 2, 'Superior', 'Qua-Sex', '2025-06-03 14:34:17', '2025-06-03 14:34:17', 32, 3);

-- Copiando estrutura para tabela gestaoedu.dias
CREATE TABLE IF NOT EXISTS `dias` (
                                      `id` int(11) NOT NULL AUTO_INCREMENT,
    `dia` int(11) DEFAULT NULL,
    `data` date DEFAULT NULL,
    `sabado` int(11) DEFAULT NULL,
    `createdAt` datetime NOT NULL,
    `updatedAt` datetime NOT NULL,
    `calendario_id` int(11) DEFAULT NULL,
    PRIMARY KEY (`id`),
    KEY `calendario_id` (`calendario_id`),
    CONSTRAINT `dias_ibfk_1` FOREIGN KEY (`calendario_id`) REFERENCES `calendarios` (`id`) ON DELETE SET NULL ON UPDATE CASCADE
    ) ENGINE=InnoDB AUTO_INCREMENT=196 DEFAULT CHARSET=utf8mb4 COLLATE=utf8mb4_general_ci;

-- Copiando dados para a tabela gestaoedu.dias: ~195 rows (aproximadamente)
INSERT INTO `dias` (`id`, `dia`, `data`, `sabado`, `createdAt`, `updatedAt`, `calendario_id`) VALUES
                                                                                                  (1, 0, '2025-03-17', 0, '2025-06-02 19:50:59', '2025-06-02 19:50:59', 1),
                                                                                                  (3, 1, '2025-03-18', 0, '2025-06-02 19:50:59', '2025-06-02 19:50:59', 1),
                                                                                                  (4, 2, '2025-03-19', 0, '2025-06-02 19:50:59', '2025-06-02 19:50:59', 1),
                                                                                                  (5, 3, '2025-03-20', 0, '2025-06-02 19:50:59', '2025-06-02 19:50:59', 1),
                                                                                                  (6, 4, '2025-03-21', 0, '2025-06-02 19:50:59', '2025-06-02 19:50:59', 1),
                                                                                                  (7, 1, '2025-03-25', 0, '2025-06-02 19:50:59', '2025-06-02 19:50:59', 1),
                                                                                                  (8, 2, '2025-03-26', 0, '2025-06-02 19:50:59', '2025-06-02 19:50:59', 1),
                                                                                                  (9, 3, '2025-03-27', 0, '2025-06-02 19:50:59', '2025-06-02 19:50:59', 1),
                                                                                                  (10, 4, '2025-03-28', 0, '2025-06-02 19:50:59', '2025-06-02 19:50:59', 1),
                                                                                                  (11, 0, '2025-03-31', 0, '2025-06-02 19:50:59', '2025-06-02 19:50:59', 1),
                                                                                                  (12, 1, '2025-04-01', 0, '2025-06-02 19:50:59', '2025-06-02 19:50:59', 1),
                                                                                                  (13, 2, '2025-04-02', 0, '2025-06-02 19:50:59', '2025-06-02 19:50:59', 1),
                                                                                                  (14, 3, '2025-04-03', 0, '2025-06-02 19:50:59', '2025-06-02 19:50:59', 1),
                                                                                                  (15, 4, '2025-04-04', 0, '2025-06-02 19:50:59', '2025-06-02 19:50:59', 1),
                                                                                                  (16, 0, '2025-04-07', 0, '2025-06-02 19:50:59', '2025-06-02 19:50:59', 1),
                                                                                                  (17, 1, '2025-04-08', 0, '2025-06-02 19:50:59', '2025-06-02 19:50:59', 1),
                                                                                                  (18, 2, '2025-04-09', 0, '2025-06-02 19:50:59', '2025-06-02 19:50:59', 1),
                                                                                                  (19, 3, '2025-04-10', 0, '2025-06-02 19:50:59', '2025-06-02 19:50:59', 1),
                                                                                                  (20, 4, '2025-04-11', 0, '2025-06-02 19:50:59', '2025-06-02 19:50:59', 1),
                                                                                                  (21, 0, '2025-04-14', 0, '2025-06-02 19:50:59', '2025-06-02 19:50:59', 1),
                                                                                                  (22, 1, '2025-04-15', 0, '2025-06-02 19:50:59', '2025-06-02 19:50:59', 1),
                                                                                                  (23, 2, '2025-04-16', 0, '2025-06-02 19:50:59', '2025-06-02 19:50:59', 1),
                                                                                                  (24, 3, '2025-04-17', 0, '2025-06-02 19:50:59', '2025-06-02 19:50:59', 1),
                                                                                                  (25, 4, '2025-04-18', 0, '2025-06-02 19:50:59', '2025-06-02 19:50:59', 1),
                                                                                                  (26, 0, '2025-04-21', 0, '2025-06-02 19:50:59', '2025-06-02 19:50:59', 1),
                                                                                                  (27, 1, '2025-04-22', 0, '2025-06-02 19:50:59', '2025-06-02 19:50:59', 1),
                                                                                                  (28, 2, '2025-04-23', 0, '2025-06-02 19:50:59', '2025-06-02 19:50:59', 1),
                                                                                                  (29, 3, '2025-04-24', 0, '2025-06-02 19:50:59', '2025-06-02 19:50:59', 1),
                                                                                                  (30, 4, '2025-04-25', 0, '2025-06-02 19:50:59', '2025-06-02 19:50:59', 1),
                                                                                                  (31, 0, '2025-04-28', 0, '2025-06-02 19:50:59', '2025-06-02 19:50:59', 1),
                                                                                                  (32, 1, '2025-04-29', 0, '2025-06-02 19:50:59', '2025-06-02 19:50:59', 1),
                                                                                                  (33, 2, '2025-04-30', 0, '2025-06-02 19:50:59', '2025-06-02 19:50:59', 1),
                                                                                                  (34, 3, '2025-05-01', 0, '2025-06-02 19:50:59', '2025-06-02 19:50:59', 1),
                                                                                                  (35, 4, '2025-05-02', 0, '2025-06-02 19:50:59', '2025-06-02 19:50:59', 1),
                                                                                                  (36, 0, '2025-05-05', 0, '2025-06-02 19:50:59', '2025-06-02 19:50:59', 1),
                                                                                                  (37, 1, '2025-05-06', 0, '2025-06-02 19:50:59', '2025-06-02 19:50:59', 1),
                                                                                                  (38, 2, '2025-05-07', 0, '2025-06-02 19:50:59', '2025-06-02 19:50:59', 1),
                                                                                                  (39, 3, '2025-05-08', 0, '2025-06-02 19:50:59', '2025-06-02 19:50:59', 1),
                                                                                                  (40, 4, '2025-05-09', 0, '2025-06-02 19:50:59', '2025-06-02 19:50:59', 1),
                                                                                                  (41, 0, '2025-05-12', 0, '2025-06-02 19:50:59', '2025-06-02 19:50:59', 1),
                                                                                                  (42, 1, '2025-05-13', 0, '2025-06-02 19:50:59', '2025-06-02 19:50:59', 1),
                                                                                                  (43, 2, '2025-05-14', 0, '2025-06-02 19:50:59', '2025-06-02 19:50:59', 1),
                                                                                                  (44, 3, '2025-05-15', 0, '2025-06-02 19:50:59', '2025-06-02 19:50:59', 1),
                                                                                                  (45, 4, '2025-05-16', 0, '2025-06-02 19:50:59', '2025-06-02 19:50:59', 1),
                                                                                                  (46, 0, '2025-05-19', 0, '2025-06-02 19:50:59', '2025-06-02 19:50:59', 1),
                                                                                                  (47, 1, '2025-05-20', 0, '2025-06-02 19:50:59', '2025-06-02 19:50:59', 1),
                                                                                                  (48, 2, '2025-05-21', 0, '2025-06-02 19:50:59', '2025-06-02 19:50:59', 1),
                                                                                                  (49, 3, '2025-05-22', 0, '2025-06-02 19:50:59', '2025-06-02 19:50:59', 1),
                                                                                                  (50, 4, '2025-05-23', 0, '2025-06-02 19:50:59', '2025-06-02 19:50:59', 1),
                                                                                                  (51, 0, '2025-05-26', 0, '2025-06-02 19:50:59', '2025-06-02 19:50:59', 1),
                                                                                                  (52, 1, '2025-05-27', 0, '2025-06-02 19:50:59', '2025-06-02 19:50:59', 1),
                                                                                                  (53, 2, '2025-05-28', 0, '2025-06-02 19:50:59', '2025-06-02 19:50:59', 1),
                                                                                                  (54, 3, '2025-05-29', 0, '2025-06-02 19:50:59', '2025-06-02 19:50:59', 1),
                                                                                                  (55, 4, '2025-05-30', 0, '2025-06-02 19:50:59', '2025-06-02 19:50:59', 1),
                                                                                                  (56, 0, '2025-06-02', 0, '2025-06-02 19:50:59', '2025-06-02 19:50:59', 1),
                                                                                                  (57, 1, '2025-06-03', 0, '2025-06-02 19:50:59', '2025-06-02 19:50:59', 1),
                                                                                                  (58, 2, '2025-06-04', 0, '2025-06-02 19:50:59', '2025-06-02 19:50:59', 1),
                                                                                                  (59, 3, '2025-06-05', 0, '2025-06-02 19:50:59', '2025-06-02 19:50:59', 1),
                                                                                                  (60, 4, '2025-06-06', 0, '2025-06-02 19:50:59', '2025-06-02 19:50:59', 1),
                                                                                                  (61, 0, '2025-06-09', 0, '2025-06-02 19:50:59', '2025-06-02 19:50:59', 1),
                                                                                                  (62, 1, '2025-06-10', 0, '2025-06-02 19:50:59', '2025-06-02 19:50:59', 1),
                                                                                                  (63, 2, '2025-06-11', 0, '2025-06-02 19:50:59', '2025-06-02 19:50:59', 1),
                                                                                                  (64, 3, '2025-06-12', 0, '2025-06-02 19:50:59', '2025-06-02 19:50:59', 1),
                                                                                                  (65, 4, '2025-06-13', 0, '2025-06-02 19:50:59', '2025-06-02 19:50:59', 1),
                                                                                                  (66, 0, '2025-06-16', 0, '2025-06-02 19:50:59', '2025-06-02 19:50:59', 1),
                                                                                                  (67, 1, '2025-06-17', 0, '2025-06-02 19:50:59', '2025-06-02 19:50:59', 1),
                                                                                                  (68, 2, '2025-06-18', 0, '2025-06-02 19:50:59', '2025-06-02 19:50:59', 1),
                                                                                                  (69, 3, '2025-06-19', 0, '2025-06-02 19:50:59', '2025-06-02 19:50:59', 1),
                                                                                                  (70, 4, '2025-06-20', 0, '2025-06-02 19:50:59', '2025-06-02 19:50:59', 1),
                                                                                                  (71, 0, '2025-06-23', 0, '2025-06-02 19:50:59', '2025-06-02 19:50:59', 1),
                                                                                                  (72, 1, '2025-06-24', 0, '2025-06-02 19:50:59', '2025-06-02 19:50:59', 1),
                                                                                                  (73, 2, '2025-06-25', 0, '2025-06-02 19:50:59', '2025-06-02 19:50:59', 1),
                                                                                                  (74, 3, '2025-06-26', 0, '2025-06-02 19:50:59', '2025-06-02 19:50:59', 1),
                                                                                                  (75, 4, '2025-06-27', 0, '2025-06-02 19:50:59', '2025-06-02 19:50:59', 1),
                                                                                                  (76, 0, '2025-06-30', 0, '2025-06-02 19:50:59', '2025-06-02 19:50:59', 1),
                                                                                                  (77, 1, '2025-07-01', 0, '2025-06-02 19:50:59', '2025-06-02 19:50:59', 1),
                                                                                                  (78, 2, '2025-07-02', 0, '2025-06-02 19:50:59', '2025-06-02 19:50:59', 1),
                                                                                                  (79, 3, '2025-07-03', 0, '2025-06-02 19:50:59', '2025-06-02 19:50:59', 1),
                                                                                                  (80, 4, '2025-07-04', 0, '2025-06-02 19:50:59', '2025-06-02 19:50:59', 1),
                                                                                                  (81, 0, '2025-07-07', 0, '2025-06-02 19:50:59', '2025-06-02 19:50:59', 1),
                                                                                                  (82, 1, '2025-07-08', 0, '2025-06-02 19:50:59', '2025-06-02 19:50:59', 1),
                                                                                                  (83, 2, '2025-07-09', 0, '2025-06-02 19:50:59', '2025-06-02 19:50:59', 1),
                                                                                                  (84, 3, '2025-07-10', 0, '2025-06-02 19:50:59', '2025-06-02 19:50:59', 1),
                                                                                                  (85, 4, '2025-07-11', 0, '2025-06-02 19:50:59', '2025-06-02 19:50:59', 1),
                                                                                                  (86, 0, '2025-07-14', 0, '2025-06-02 19:50:59', '2025-06-02 19:50:59', 1),
                                                                                                  (87, 1, '2025-07-15', 0, '2025-06-02 19:50:59', '2025-06-02 19:50:59', 1),
                                                                                                  (88, 2, '2025-07-16', 0, '2025-06-02 19:50:59', '2025-06-02 19:50:59', 1),
                                                                                                  (89, 3, '2025-07-17', 0, '2025-06-02 19:50:59', '2025-06-02 19:50:59', 1),
                                                                                                  (90, 4, '2025-07-18', 0, '2025-06-02 19:50:59', '2025-06-02 19:50:59', 1),
                                                                                                  (91, 0, '2025-07-21', 0, '2025-06-02 19:50:59', '2025-06-02 19:50:59', 1),
                                                                                                  (92, 1, '2025-07-22', 0, '2025-06-02 19:50:59', '2025-06-02 19:50:59', 1),
                                                                                                  (93, 2, '2025-07-23', 0, '2025-06-02 19:50:59', '2025-06-02 19:50:59', 1),
                                                                                                  (94, 3, '2025-07-24', 0, '2025-06-02 19:50:59', '2025-06-02 19:50:59', 1),
                                                                                                  (95, 4, '2025-07-25', 0, '2025-06-02 19:50:59', '2025-06-02 19:50:59', 1),
                                                                                                  (96, 0, '2025-03-10', 0, '2025-06-02 20:03:57', '2025-06-02 20:03:57', 2),
                                                                                                  (97, 1, '2025-03-11', 0, '2025-06-02 20:03:57', '2025-06-02 20:03:57', 2),
                                                                                                  (98, 2, '2025-03-12', 0, '2025-06-02 20:03:57', '2025-06-02 20:03:57', 2),
                                                                                                  (99, 0, '2025-03-17', 0, '2025-06-02 20:03:57', '2025-06-02 20:03:57', 2),
                                                                                                  (100, 3, '2025-03-13', 0, '2025-06-02 20:03:57', '2025-06-02 20:03:57', 2),
                                                                                                  (101, 4, '2025-03-14', 0, '2025-06-02 20:03:57', '2025-06-02 20:03:57', 2),
                                                                                                  (102, 1, '2025-03-18', 0, '2025-06-02 20:03:57', '2025-06-02 20:03:57', 2),
                                                                                                  (103, 2, '2025-03-19', 0, '2025-06-02 20:03:57', '2025-06-02 20:03:57', 2),
                                                                                                  (104, 3, '2025-03-20', 0, '2025-06-02 20:03:57', '2025-06-02 20:03:57', 2),
                                                                                                  (105, 4, '2025-03-21', 0, '2025-06-02 20:03:57', '2025-06-02 20:03:57', 2),
                                                                                                  (106, 0, '2025-03-24', 0, '2025-06-02 20:03:57', '2025-06-02 20:03:57', 2),
                                                                                                  (107, 1, '2025-03-25', 0, '2025-06-02 20:03:57', '2025-06-02 20:03:57', 2),
                                                                                                  (108, 2, '2025-03-26', 0, '2025-06-02 20:03:57', '2025-06-02 20:03:57', 2),
                                                                                                  (109, 3, '2025-03-27', 0, '2025-06-02 20:03:57', '2025-06-02 20:03:57', 2),
                                                                                                  (110, 4, '2025-03-28', 0, '2025-06-02 20:03:57', '2025-06-02 20:03:57', 2),
                                                                                                  (111, 0, '2025-03-31', 0, '2025-06-02 20:03:57', '2025-06-02 20:03:57', 2),
                                                                                                  (112, 1, '2025-04-01', 0, '2025-06-02 20:03:57', '2025-06-02 20:03:57', 2),
                                                                                                  (113, 2, '2025-04-02', 0, '2025-06-02 20:03:57', '2025-06-02 20:03:57', 2),
                                                                                                  (114, 3, '2025-04-03', 0, '2025-06-02 20:03:57', '2025-06-02 20:03:57', 2),
                                                                                                  (115, 4, '2025-04-04', 0, '2025-06-02 20:03:57', '2025-06-02 20:03:57', 2),
                                                                                                  (116, 0, '2025-04-07', 0, '2025-06-02 20:03:57', '2025-06-02 20:03:57', 2),
                                                                                                  (117, 1, '2025-04-08', 0, '2025-06-02 20:03:57', '2025-06-02 20:03:57', 2),
                                                                                                  (118, 2, '2025-04-09', 0, '2025-06-02 20:03:57', '2025-06-02 20:03:57', 2),
                                                                                                  (119, 3, '2025-04-10', 0, '2025-06-02 20:03:57', '2025-06-02 20:03:57', 2),
                                                                                                  (120, 4, '2025-04-11', 0, '2025-06-02 20:03:57', '2025-06-02 20:03:57', 2),
                                                                                                  (121, 0, '2025-04-14', 0, '2025-06-02 20:03:57', '2025-06-02 20:03:57', 2),
                                                                                                  (122, 1, '2025-04-15', 0, '2025-06-02 20:03:57', '2025-06-02 20:03:57', 2),
                                                                                                  (123, 2, '2025-04-16', 0, '2025-06-02 20:03:57', '2025-06-02 20:03:57', 2),
                                                                                                  (124, 3, '2025-04-17', 0, '2025-06-02 20:03:57', '2025-06-02 20:03:57', 2),
                                                                                                  (125, 4, '2025-04-18', 0, '2025-06-02 20:03:57', '2025-06-02 20:03:57', 2),
                                                                                                  (126, 0, '2025-04-21', 0, '2025-06-02 20:03:57', '2025-06-02 20:03:57', 2),
                                                                                                  (127, 1, '2025-04-22', 0, '2025-06-02 20:03:57', '2025-06-02 20:03:57', 2),
                                                                                                  (128, 2, '2025-04-23', 0, '2025-06-02 20:03:57', '2025-06-02 20:03:57', 2),
                                                                                                  (129, 3, '2025-04-24', 0, '2025-06-02 20:03:57', '2025-06-02 20:03:57', 2),
                                                                                                  (130, 4, '2025-04-25', 0, '2025-06-02 20:03:57', '2025-06-02 20:03:57', 2),
                                                                                                  (131, 0, '2025-04-28', 0, '2025-06-02 20:03:57', '2025-06-02 20:03:57', 2),
                                                                                                  (132, 1, '2025-04-29', 0, '2025-06-02 20:03:57', '2025-06-02 20:03:57', 2),
                                                                                                  (133, 2, '2025-04-30', 0, '2025-06-02 20:03:57', '2025-06-02 20:03:57', 2),
                                                                                                  (134, 3, '2025-05-01', 0, '2025-06-02 20:03:57', '2025-06-02 20:03:57', 2),
                                                                                                  (135, 4, '2025-05-02', 0, '2025-06-02 20:03:57', '2025-06-02 20:03:57', 2),
                                                                                                  (136, 0, '2025-05-05', 0, '2025-06-02 20:03:57', '2025-06-02 20:03:57', 2),
                                                                                                  (137, 1, '2025-05-06', 0, '2025-06-02 20:03:57', '2025-06-02 20:03:57', 2),
                                                                                                  (138, 2, '2025-05-07', 0, '2025-06-02 20:03:57', '2025-06-02 20:03:57', 2),
                                                                                                  (139, 3, '2025-05-08', 0, '2025-06-02 20:03:57', '2025-06-02 20:03:57', 2),
                                                                                                  (140, 4, '2025-05-09', 0, '2025-06-02 20:03:57', '2025-06-02 20:03:57', 2),
                                                                                                  (141, 0, '2025-05-12', 0, '2025-06-02 20:03:57', '2025-06-02 20:03:57', 2),
                                                                                                  (142, 1, '2025-05-13', 0, '2025-06-02 20:03:57', '2025-06-02 20:03:57', 2),
                                                                                                  (143, 2, '2025-05-14', 0, '2025-06-02 20:03:57', '2025-06-02 20:03:57', 2),
                                                                                                  (144, 3, '2025-05-15', 0, '2025-06-02 20:03:57', '2025-06-02 20:03:57', 2),
                                                                                                  (145, 4, '2025-05-16', 0, '2025-06-02 20:03:57', '2025-06-02 20:03:57', 2),
                                                                                                  (146, 0, '2025-05-19', 0, '2025-06-02 20:03:57', '2025-06-02 20:03:57', 2),
                                                                                                  (147, 1, '2025-05-20', 0, '2025-06-02 20:03:57', '2025-06-02 20:03:57', 2),
                                                                                                  (148, 2, '2025-05-21', 0, '2025-06-02 20:03:57', '2025-06-02 20:03:57', 2),
                                                                                                  (149, 3, '2025-05-22', 0, '2025-06-02 20:03:57', '2025-06-02 20:03:57', 2),
                                                                                                  (150, 4, '2025-05-23', 0, '2025-06-02 20:03:57', '2025-06-02 20:03:57', 2),
                                                                                                  (151, 0, '2025-05-26', 0, '2025-06-02 20:03:57', '2025-06-02 20:03:57', 2),
                                                                                                  (152, 1, '2025-05-27', 0, '2025-06-02 20:03:57', '2025-06-02 20:03:57', 2),
                                                                                                  (153, 2, '2025-05-28', 0, '2025-06-02 20:03:57', '2025-06-02 20:03:57', 2),
                                                                                                  (154, 3, '2025-05-29', 0, '2025-06-02 20:03:57', '2025-06-02 20:03:57', 2),
                                                                                                  (155, 4, '2025-05-30', 0, '2025-06-02 20:03:57', '2025-06-02 20:03:57', 2),
                                                                                                  (156, 0, '2025-06-02', 0, '2025-06-02 20:03:57', '2025-06-02 20:03:57', 2),
                                                                                                  (157, 1, '2025-06-03', 0, '2025-06-02 20:03:57', '2025-06-02 20:03:57', 2),
                                                                                                  (158, 2, '2025-06-04', 0, '2025-06-02 20:03:57', '2025-06-02 20:03:57', 2),
                                                                                                  (159, 3, '2025-06-05', 0, '2025-06-02 20:03:57', '2025-06-02 20:03:57', 2),
                                                                                                  (160, 4, '2025-06-06', 0, '2025-06-02 20:03:57', '2025-06-02 20:03:57', 2),
                                                                                                  (161, 0, '2025-06-09', 0, '2025-06-02 20:03:57', '2025-06-02 20:03:57', 2),
                                                                                                  (162, 1, '2025-06-10', 0, '2025-06-02 20:03:57', '2025-06-02 20:03:57', 2),
                                                                                                  (163, 2, '2025-06-11', 0, '2025-06-02 20:03:57', '2025-06-02 20:03:57', 2),
                                                                                                  (164, 3, '2025-06-12', 0, '2025-06-02 20:03:57', '2025-06-02 20:03:57', 2),
                                                                                                  (165, 4, '2025-06-13', 0, '2025-06-02 20:03:57', '2025-06-02 20:03:57', 2),
                                                                                                  (166, 0, '2025-06-16', 0, '2025-06-02 20:03:57', '2025-06-02 20:03:57', 2),
                                                                                                  (167, 1, '2025-06-17', 0, '2025-06-02 20:03:57', '2025-06-02 20:03:57', 2),
                                                                                                  (168, 2, '2025-06-18', 0, '2025-06-02 20:03:57', '2025-06-02 20:03:57', 2),
                                                                                                  (169, 3, '2025-06-19', 0, '2025-06-02 20:03:57', '2025-06-02 20:03:57', 2),
                                                                                                  (170, 4, '2025-06-20', 0, '2025-06-02 20:03:57', '2025-06-02 20:03:57', 2),
                                                                                                  (171, 0, '2025-06-23', 0, '2025-06-02 20:03:57', '2025-06-02 20:03:57', 2),
                                                                                                  (172, 1, '2025-06-24', 0, '2025-06-02 20:03:57', '2025-06-02 20:03:57', 2),
                                                                                                  (173, 2, '2025-06-25', 0, '2025-06-02 20:03:57', '2025-06-02 20:03:57', 2),
                                                                                                  (174, 3, '2025-06-26', 0, '2025-06-02 20:03:57', '2025-06-02 20:03:57', 2),
                                                                                                  (175, 4, '2025-06-27', 0, '2025-06-02 20:03:57', '2025-06-02 20:03:57', 2),
                                                                                                  (176, 0, '2025-06-30', 0, '2025-06-02 20:03:57', '2025-06-02 20:03:57', 2),
                                                                                                  (177, 1, '2025-07-01', 0, '2025-06-02 20:03:57', '2025-06-02 20:03:57', 2),
                                                                                                  (178, 2, '2025-07-02', 0, '2025-06-02 20:03:57', '2025-06-02 20:03:57', 2),
                                                                                                  (179, 3, '2025-07-03', 0, '2025-06-02 20:03:57', '2025-06-02 20:03:57', 2),
                                                                                                  (180, 4, '2025-07-04', 0, '2025-06-02 20:03:57', '2025-06-02 20:03:57', 2),
                                                                                                  (181, 0, '2025-07-07', 0, '2025-06-02 20:03:57', '2025-06-02 20:03:57', 2),
                                                                                                  (182, 1, '2025-07-08', 0, '2025-06-02 20:03:57', '2025-06-02 20:03:57', 2),
                                                                                                  (183, 2, '2025-07-09', 0, '2025-06-02 20:03:57', '2025-06-02 20:03:57', 2),
                                                                                                  (184, 3, '2025-07-10', 0, '2025-06-02 20:03:57', '2025-06-02 20:03:57', 2),
                                                                                                  (185, 4, '2025-07-11', 0, '2025-06-02 20:03:57', '2025-06-02 20:03:57', 2),
                                                                                                  (186, 0, '2025-07-14', 0, '2025-06-02 20:03:57', '2025-06-02 20:03:57', 2),
                                                                                                  (187, 1, '2025-07-15', 0, '2025-06-02 20:03:57', '2025-06-02 20:03:57', 2),
                                                                                                  (188, 2, '2025-07-16', 0, '2025-06-02 20:03:57', '2025-06-02 20:03:57', 2),
                                                                                                  (189, 3, '2025-07-17', 0, '2025-06-02 20:03:57', '2025-06-02 20:03:57', 2),
                                                                                                  (190, 4, '2025-07-18', 0, '2025-06-02 20:03:57', '2025-06-02 20:03:57', 2),
                                                                                                  (191, 0, '2025-07-21', 0, '2025-06-02 20:03:57', '2025-06-02 20:03:57', 2),
                                                                                                  (192, 1, '2025-07-22', 0, '2025-06-02 20:03:57', '2025-06-02 20:03:57', 2),
                                                                                                  (193, 2, '2025-07-23', 0, '2025-06-02 20:03:57', '2025-06-02 20:03:57', 2),
                                                                                                  (194, 3, '2025-07-24', 0, '2025-06-02 20:03:57', '2025-06-02 20:03:57', 2),
                                                                                                  (195, 4, '2025-07-25', 0, '2025-06-02 20:03:57', '2025-06-02 20:03:57', 2);

-- Copiando estrutura para tabela gestaoedu.horarios
CREATE TABLE IF NOT EXISTS `horarios` (
                                          `id` int(11) NOT NULL AUTO_INCREMENT,
    `turno` int(11) DEFAULT NULL,
    `sequencia` int(11) DEFAULT NULL,
    `status` int(11) DEFAULT NULL,
    `createdAt` datetime NOT NULL,
    `updatedAt` datetime NOT NULL,
    `diario_id` int(11) DEFAULT NULL,
    `dia_id` int(11) DEFAULT NULL,
    PRIMARY KEY (`id`),
    KEY `diario_id` (`diario_id`),
    KEY `dia_id` (`dia_id`),
    CONSTRAINT `horarios_ibfk_1` FOREIGN KEY (`diario_id`) REFERENCES `diarios` (`id`) ON DELETE SET NULL ON UPDATE CASCADE,
    CONSTRAINT `horarios_ibfk_2` FOREIGN KEY (`dia_id`) REFERENCES `dias` (`id`) ON DELETE SET NULL ON UPDATE CASCADE
    ) ENGINE=InnoDB DEFAULT CHARSET=utf8mb4 COLLATE=utf8mb4_general_ci;

-- Copiando dados para a tabela gestaoedu.horarios: ~0 rows (aproximadamente)

-- Copiando estrutura para tabela gestaoedu.permutas
CREATE TABLE IF NOT EXISTS `permutas` (
                                          `id` int(11) NOT NULL AUTO_INCREMENT,
    `data` datetime NOT NULL,
    `dia` varchar(20) NOT NULL,
    `horarios` varchar(20) NOT NULL,
    `justificativa` varchar(250) NOT NULL,
    `status` int(11) NOT NULL,
    `createdAt` datetime NOT NULL,
    `updatedAt` datetime NOT NULL,
    `diario_id` int(11) DEFAULT NULL,
    `substituto_id` int(11) DEFAULT NULL,
    PRIMARY KEY (`id`),
    KEY `diario_id` (`diario_id`),
    KEY `substituto_id` (`substituto_id`),
    CONSTRAINT `permutas_ibfk_1` FOREIGN KEY (`diario_id`) REFERENCES `diarios` (`id`) ON DELETE CASCADE ON UPDATE CASCADE,
    CONSTRAINT `permutas_ibfk_2` FOREIGN KEY (`substituto_id`) REFERENCES `diarios` (`id`) ON DELETE CASCADE ON UPDATE CASCADE
    ) ENGINE=InnoDB DEFAULT CHARSET=utf8mb4 COLLATE=utf8mb4_general_ci;

-- Copiando dados para a tabela gestaoedu.permutas: ~0 rows (aproximadamente)

-- Copiando estrutura para tabela gestaoedu.professores
CREATE TABLE IF NOT EXISTS `professores` (
                                             `id` int(11) NOT NULL AUTO_INCREMENT,
    `nome` varchar(100) NOT NULL,
    `siape` varchar(20) NOT NULL,
    `email` varchar(100) NOT NULL,
    `createdAt` datetime NOT NULL,
    `updatedAt` datetime NOT NULL,
    PRIMARY KEY (`id`)
    ) ENGINE=InnoDB AUTO_INCREMENT=50 DEFAULT CHARSET=utf8mb4 COLLATE=utf8mb4_general_ci;

-- Copiando dados para a tabela gestaoedu.professores: ~45 rows (aproximadamente)
INSERT INTO `professores` (`id`, `nome`, `siape`, `email`, `createdAt`, `updatedAt`) VALUES
                                                                                         (1, 'Aecio da Silva Martins', '1228722', 'aecio.martins@ifma.edu.br', '2024-11-23 21:32:58', '2024-11-23 21:33:09'),
                                                                                         (2, 'Alanny Silva Luz', '2271969', 'alanny.luz@ifma.edu.br', '2024-11-23 21:32:58', '2024-11-23 21:33:09'),
                                                                                         (3, 'Ana Rayonara de Sousa Albuquerque', '1993705', 'rayonara.albuquerque@ifma.edu.br', '2024-11-23 21:32:58', '2024-11-23 21:33:09'),
                                                                                         (4, 'Anderson Oliveira da Silva', '1963721', 'anderson.silva@ifma.edu.br', '2024-11-23 21:32:58', '2024-11-23 21:33:09'),
                                                                                         (5, 'Andrea Lima Barros', '1964083', 'andrea.barros@ifma.edu.br', '2024-11-23 21:32:58', '2024-11-23 21:33:09'),
                                                                                         (6, 'Annaya Assuncao Pereira Ribeiro', '1620844', 'annaya.assuncao@ifma.edu.br', '2024-11-23 21:32:58', '2024-11-23 21:33:09'),
                                                                                         (7, 'Bruno Vicente Alves de Lima', '1226388', 'brunovicente.lima@ifma.edu.br', '2024-11-23 21:32:58', '2024-11-23 21:33:09'),
                                                                                         (8, 'Clarissa Maria Brito Lima', '2339684', 'clarissa.lima@ifma.edu.br', '2024-11-23 21:32:58', '2024-11-23 21:33:09'),
                                                                                         (9, 'Daisy Damasceno Araujo', '1951613', 'daisy.araujo@ifma.edu.br', '2024-11-23 21:32:58', '2024-11-23 21:33:09'),
                                                                                         (10, 'Daniel Barroso de Carvalho Ribeiro', '1266884', 'daniel.barroso@ifma.edu.br', '2024-11-23 21:32:58', '2024-11-23 21:33:09'),
                                                                                         (11, 'Denilson Nunes Mota', '3344988', 'denilsonmota@ifma.edu.br', '2024-11-23 21:32:58', '2024-11-23 21:33:09'),
                                                                                         (12, 'Diego Roberto Rodrigues Orsano', '1836367', 'diego.rodrigues@ifma.edu.br', '2024-11-23 21:32:58', '2024-11-23 21:33:09'),
                                                                                         (13, 'Diogo Vinicius de Sousa Silva', '1132172', 'diogo.silva@ifma.edu.br', '2024-11-23 21:32:58', '2024-11-23 21:33:09'),
                                                                                         (14, 'Douglas dos Santos Silva', '2345177', 'douglas.silva@ifma.edu.br', '2024-11-23 21:32:58', '2024-11-23 21:33:09'),
                                                                                         (15, 'Elcio Daniel Sousa Barros', '1860969', 'elcio.barros@ifma.edu.br', '2024-11-23 21:32:58', '2024-11-23 21:33:09'),
                                                                                         (16, 'Francicleia Vieira Ribeiro de Oliveira', '2571587', 'francicleia.ribeiro@ifma.edu.br', '2024-11-23 21:32:58', '2024-11-23 21:33:09'),
                                                                                         (17, 'Francilio Benicio Santos de Moraes Trindade', '1508992', 'fbenicio@ifma.edu.br', '2024-11-23 21:32:58', '2024-11-23 21:33:09'),
                                                                                         (18, 'Francisca Marcia Costa de Souza', '1963983', 'francisca.souza@ifma.edu.br', '2024-11-23 21:32:58', '2024-11-23 21:33:09'),
                                                                                         (19, 'Francisco Alan de Oliveira Santos', '2331838', 'franciscoalan.santos@ifma.edu.br', '2024-11-23 21:32:58', '2024-11-23 21:33:09'),
                                                                                         (20, 'Fredson Anderson Brito de Castro', '2408251', 'fredson.castro@ifma.edu.br', '2024-11-23 21:32:58', '2024-11-23 21:33:09'),
                                                                                         (21, 'Gielson Vitor Oliveira Veras', '1258500', 'gielson.veras@ifma.edu.br', '2024-11-23 21:32:58', '2024-11-23 21:33:09'),
                                                                                         (22, 'Glicia Lorainne Moreira Silva', '1006036', 'glicia.silva@ifma.edu.br', '2024-11-23 21:32:58', '2024-11-23 21:33:09'),
                                                                                         (23, 'Hosana Maria da Silva Sousa', '2342286', 'hosana.sousa@ifma.edu.br', '2024-11-23 21:32:58', '2024-11-23 21:33:09'),
                                                                                         (24, 'Iasmynne Elaine da Conceicao Borges Leal', '3394152', 'iasmynne.leal@ifma.edu.br', '2024-11-23 21:32:58', '2024-11-23 21:33:09'),
                                                                                         (25, 'Janaina Maria Medeiros Macedo Menezes', '3358128', 'janaina.menezes@ifma.edu.br', '2024-11-23 21:32:58', '2024-11-23 21:33:09'),
                                                                                         (26, 'Joao Paulo Marques Silva', '2282550', 'joao.marques@ifma.edu.br', '2024-11-23 21:32:58', '2024-11-23 21:33:09'),
                                                                                         (27, 'Jose Jeovane Reges Cordeiro', '2331959', 'jose.cordeiro@ifma.edu.br', '2024-11-23 21:32:58', '2024-11-23 21:33:09'),
                                                                                         (28, 'Jose Nathannyel Chagas Barbosa', '3423152', 'jbarbosa@ifma.edu.br', '2024-11-23 21:32:58', '2024-11-23 21:33:09'),
                                                                                         (29, 'Josimar Hendrio Ferraz Borges', '1145981', 'josimar.borges@ifma.edu.br', '2024-11-23 21:32:58', '2024-11-23 21:33:09'),
                                                                                         (30, 'Jussie Soares da Rocha', '1886837', 'jussie.rocha@ifma.edu.br', '2024-11-23 21:32:58', '2024-11-23 21:33:09'),
                                                                                         (31, 'Kelcius Rodrigues Ferreira', '1915383', 'kelcius.ferreira@ifma.edu.br', '2024-11-23 21:32:58', '2024-11-23 21:33:09'),
                                                                                         (32, 'Marcos Gomes da Silva Rocha', '3421880', 'marcos.gomes@ifma.edu.br', '2024-11-23 21:32:58', '2024-11-23 21:33:09'),
                                                                                         (33, 'Mardoqueu Sousa Telvina', '3077773', 'mardoqueu.telvina@ifma.edu.br', '2024-11-23 21:32:58', '2024-11-23 21:33:09'),
                                                                                         (34, 'Maria do Socorro Ribeiro da Silva', '1903931', 'socorro.ribeiro@ifma.edu.br', '2024-11-23 21:32:58', '2024-11-23 21:33:09'),
                                                                                         (35, 'Pablo Silva Imperio', '1699038', 'pablo.imperio@ifma.edu.br', '2024-11-23 21:32:58', '2024-11-23 21:33:09'),
                                                                                         (36, 'Rivania da Silva Lira', '2020069', 'rivania.lira@ifma.edu.br', '2024-11-23 21:32:58', '2024-11-23 21:33:09'),
                                                                                         (37, 'Robert Charles Moreira Caland', '1921426', 'robertcaland@ifma.edu.br', '2024-11-23 21:32:58', '2024-11-23 21:33:09'),
                                                                                         (38, 'Robert Silva Lima', '2311281', 'robert.lima@ifma.edu.br', '2024-11-23 21:32:58', '2024-11-23 21:33:09'),
                                                                                         (39, 'Susana Kelly Gomes Oliveira', '1293499', 'susana.oliveira@ifma.edu.br', '2024-11-23 21:32:58', '2024-11-23 21:33:09'),
                                                                                         (40, 'Thalita Vitoria Castelo Branco Nunes Silva', '1837473', 'thalita.silva@ifma.edu.br', '2024-11-23 21:32:58', '2024-11-23 21:33:09'),
                                                                                         (41, 'Willams da Silva Lima', '1877101', 'willams.lima@ifma.edu.br', '2024-11-23 21:32:58', '2024-11-23 21:33:09'),
                                                                                         (42, 'Andre Wallas da Silva Sousa', '2342485', 'andre.wallas@ifma.edu.br', '2024-12-03 21:27:37', '2024-12-03 21:27:37'),
                                                                                         (43, 'Maria Irisnete Barbosa Lima', '3474217', 'maria.barbosa@ifma.edu.br', '2025-06-03 14:32:27', '2025-06-03 14:32:28'),
                                                                                         (44, 'Bruce Wayne', '111111', 'brunnovicente@gmail.com', '2025-06-03 15:00:14', '2025-06-03 15:00:16'),
                                                                                         (49, 'Jose de Arimatea de Sousa', '1828129', 'jose.arimatea@ifma.edu.br', '2025-06-04 22:09:24', '2025-06-04 22:09:24');

-- Copiando estrutura para tabela gestaoedu.turmas
CREATE TABLE IF NOT EXISTS `turmas` (
                                        `id` int(11) NOT NULL AUTO_INCREMENT,
    `codigo` varchar(50) NOT NULL,
    `descricao` varchar(100) NOT NULL,
    `status` int(11) NOT NULL,
    `createdAt` datetime NOT NULL,
    `updatedAt` datetime NOT NULL,
    `curso_id` int(11) DEFAULT NULL,
    `calendario_id` int(11) DEFAULT NULL,
    PRIMARY KEY (`id`),
    KEY `curso_id` (`curso_id`),
    KEY `calendario_id` (`calendario_id`),
    CONSTRAINT `turmas_ibfk_1` FOREIGN KEY (`curso_id`) REFERENCES `cursos` (`id`) ON DELETE CASCADE ON UPDATE CASCADE,
    CONSTRAINT `turmas_ibfk_2` FOREIGN KEY (`calendario_id`) REFERENCES `calendarios` (`id`) ON DELETE CASCADE ON UPDATE CASCADE
    ) ENGINE=InnoDB AUTO_INCREMENT=5 DEFAULT CHARSET=utf8mb4 COLLATE=utf8mb4_general_ci;

-- Copiando dados para a tabela gestaoedu.turmas: ~4 rows (aproximadamente)
INSERT INTO `turmas` (`id`, `codigo`, `descricao`, `status`, `createdAt`, `updatedAt`, `curso_id`, `calendario_id`) VALUES
                                                                                                                        (1, '', 'Módulo I', 1, '2025-06-02 21:38:13', '2025-06-02 21:38:13', 3, 1),
                                                                                                                        (2, '', 'Módulo III', 1, '2025-06-02 22:31:09', '2025-06-02 22:31:09', 3, 1),
                                                                                                                        (3, '', 'Módulo IV', 1, '2025-06-02 22:31:35', '2025-06-02 22:31:35', 3, 1);

-- Copiando estrutura para tabela gestaoedu.usuarios
CREATE TABLE IF NOT EXISTS `usuarios` (
                                          `id` int(11) NOT NULL AUTO_INCREMENT,
    `username` varchar(100) NOT NULL,
    `password` varchar(250) NOT NULL,
    `categoria` int(11) DEFAULT NULL,
    `status` int(11) DEFAULT NULL,
    `codigo` varchar(20) DEFAULT NULL,
    `createdAt` datetime NOT NULL,
    `updatedAt` datetime NOT NULL,
    `professor_id` int(11) DEFAULT NULL,
    PRIMARY KEY (`id`),
    KEY `professor_id` (`professor_id`),
    CONSTRAINT `usuarios_ibfk_1` FOREIGN KEY (`professor_id`) REFERENCES `professores` (`id`) ON DELETE CASCADE ON UPDATE CASCADE
    ) ENGINE=InnoDB AUTO_INCREMENT=46 DEFAULT CHARSET=utf8mb4 COLLATE=utf8mb4_general_ci;

-- Copiando dados para a tabela gestaoedu.usuarios: ~44 rows (aproximadamente)
INSERT INTO `usuarios` (`id`, `username`, `password`, `categoria`, `status`, `codigo`, `createdAt`, `updatedAt`, `professor_id`) VALUES
                                                                                                                                     (2, '1228722', '', 1, 0, NULL, '2024-11-26 19:50:47', '2024-11-26 19:50:47', 1),
                                                                                                                                     (3, '2271969', '$2b$10$QzcupvQMhZmD5F9q.SaDAubJwmZaQKMv/F0Yt8hZFSgeBR8UShJpu', 1, 0, 'C6050', '2024-11-26 19:50:47', '2024-12-03 17:13:23', 2),
                                                                                                                                     (4, '1993705', '', 1, 0, NULL, '2024-11-26 19:50:47', '2024-11-26 19:50:47', 3),
                                                                                                                                     (5, '1963721', '', 1, 0, NULL, '2024-11-26 19:50:47', '2024-11-26 19:50:47', 4),
                                                                                                                                     (6, '1964083', '', 1, 0, NULL, '2024-11-26 19:50:47', '2024-11-26 19:50:47', 5),
                                                                                                                                     (7, '1620844', '', 1, 0, NULL, '2024-11-26 19:50:47', '2024-11-26 19:50:47', 6),
                                                                                                                                     (8, '1226388', '$2b$10$5dNIu4SHnmnfWNOoYloZcuHAaMqPllfIoiO2WuFaUmVbKNVeJLpT6', 2, 0, 'L5SDI', '2024-11-26 19:50:47', '2024-12-03 17:04:17', 7),
                                                                                                                                     (9, '2339684', '', 1, 0, NULL, '2024-11-26 19:50:47', '2024-11-26 19:50:47', 8),
                                                                                                                                     (10, '1951613', '', 1, 0, NULL, '2024-11-26 19:50:47', '2024-11-26 19:50:47', 9),
                                                                                                                                     (11, '1266884', '', 1, 0, NULL, '2024-11-26 19:50:47', '2024-11-26 19:50:47', 10),
                                                                                                                                     (12, '3344988', '', 1, 0, NULL, '2024-11-26 19:50:47', '2024-11-26 19:50:47', 11),
                                                                                                                                     (13, '1836367', '', 1, 0, NULL, '2024-11-26 19:50:47', '2024-11-26 19:50:47', 12),
                                                                                                                                     (14, '1132172', '', 1, 0, NULL, '2024-11-26 19:50:47', '2024-11-26 19:50:47', 13),
                                                                                                                                     (15, '2345177', '', 1, 0, NULL, '2024-11-26 19:50:47', '2024-11-26 19:50:47', 14),
                                                                                                                                     (16, '1860969', '', 1, 0, NULL, '2024-11-26 19:50:47', '2024-11-26 19:50:47', 15),
                                                                                                                                     (17, '2571587', '', 1, 0, NULL, '2024-11-26 19:50:47', '2024-11-26 19:50:47', 16),
                                                                                                                                     (18, '1508992', '', 1, 0, NULL, '2024-11-26 19:50:47', '2024-11-26 19:50:47', 17),
                                                                                                                                     (19, '1963983', '', 1, 0, NULL, '2024-11-26 19:50:47', '2024-11-26 19:50:47', 18),
                                                                                                                                     (20, '2331838', '', 1, 0, NULL, '2024-11-26 19:50:47', '2024-11-26 19:50:47', 19),
                                                                                                                                     (21, '2408251', '', 1, 0, NULL, '2024-11-26 19:50:47', '2024-11-26 19:50:47', 20),
                                                                                                                                     (22, '1258500', '', 1, 0, NULL, '2024-11-26 19:50:47', '2024-11-26 19:50:47', 21),
                                                                                                                                     (23, '1006036', '$2b$10$XfMoLsuWohZ4C7Z/3Q0Jye2We3pfPUDf6BM.DTM6F57nkOXV5kVDy', 1, 0, 'FFDXD', '2024-11-26 19:50:47', '2024-12-03 17:18:13', 22),
                                                                                                                                     (24, '2342286', '', 1, 0, NULL, '2024-11-26 19:50:47', '2024-11-26 19:50:47', 23),
                                                                                                                                     (25, '3394152', '', 1, 0, NULL, '2024-11-26 19:50:47', '2024-11-26 19:50:47', 24),
                                                                                                                                     (26, '3358128', '', 1, 0, NULL, '2024-11-26 19:50:47', '2024-11-26 19:50:47', 25),
                                                                                                                                     (27, '2282550', '', 1, 0, NULL, '2024-11-26 19:50:47', '2024-11-26 19:50:47', 26),
                                                                                                                                     (28, '2331959', '', 1, 0, NULL, '2024-11-26 19:50:47', '2024-11-26 19:50:47', 27),
                                                                                                                                     (29, '3423152', '', 1, 0, NULL, '2024-11-26 19:50:47', '2024-11-26 19:50:47', 28),
                                                                                                                                     (30, '1145981', '', 1, 0, NULL, '2024-11-26 19:50:47', '2024-11-26 19:50:47', 29),
                                                                                                                                     (31, '1886837', '', 1, 0, NULL, '2024-11-26 19:50:47', '2024-11-26 19:50:47', 30),
                                                                                                                                     (32, '1915383', '', 1, 0, NULL, '2024-11-26 19:50:47', '2024-11-26 19:50:47', 31),
                                                                                                                                     (33, '3421880', '', 1, 0, NULL, '2024-11-26 19:50:47', '2024-11-26 19:50:47', 32),
                                                                                                                                     (34, '3077773', '', 1, 0, NULL, '2024-11-26 19:50:47', '2024-11-26 19:50:47', 33),
                                                                                                                                     (35, '1903931', '', 1, 0, NULL, '2024-11-26 19:50:47', '2024-11-26 19:50:47', 34),
                                                                                                                                     (36, '1699038', '$2b$10$GjYkTf8qRRIpqueKFz7.o.baAkF9d/hlwxYMQH/iu3pvydFmQ1qr.', 1, 0, 'YX7T2', '2024-11-26 19:50:47', '2024-12-03 20:28:57', 35),
                                                                                                                                     (37, '2020069', '', 1, 0, NULL, '2024-11-26 19:50:47', '2024-11-26 19:50:47', 36),
                                                                                                                                     (38, '1921426', '', 1, 0, NULL, '2024-11-26 19:50:47', '2024-11-26 19:50:47', 37),
                                                                                                                                     (39, '2311281', '', 1, 0, NULL, '2024-11-26 19:50:47', '2024-11-26 19:50:47', 38),
                                                                                                                                     (40, '1293499', '', 1, 0, NULL, '2024-11-26 19:50:47', '2024-11-26 19:50:47', 39),
                                                                                                                                     (41, '1837473', '', 1, 0, NULL, '2024-11-26 19:50:47', '2024-11-26 19:50:47', 40),
                                                                                                                                     (42, '1877101', '', 1, 0, NULL, '2024-11-26 19:50:47', '2024-11-26 19:50:47', 41),
                                                                                                                                     (43, '3474217', '', 1, 0, NULL, '2025-06-03 14:42:14', '2025-06-03 14:42:18', 43),
                                                                                                                                     (44, '111111', '$2b$10$5dNIu4SHnmnfWNOoYloZcuHAaMqPllfIoiO2WuFaUmVbKNVeJLpT6', 3, 1, 'NS8SE', '2025-06-03 15:00:46', '2025-06-03 15:01:04', 44),
                                                                                                                                     (45, '1828129', '', 1, 0, NULL, '2025-06-04 22:09:24', '2025-06-04 22:09:24', 49);

/*!40103 SET TIME_ZONE=IFNULL(@OLD_TIME_ZONE, 'system') */;
/*!40101 SET SQL_MODE=IFNULL(@OLD_SQL_MODE, '') */;
/*!40014 SET FOREIGN_KEY_CHECKS=IFNULL(@OLD_FOREIGN_KEY_CHECKS, 1) */;
/*!40101 SET CHARACTER_SET_CLIENT=@OLD_CHARACTER_SET_CLIENT */;
/*!40111 SET SQL_NOTES=IFNULL(@OLD_SQL_NOTES, 1) */;
